{
    "RMSE": 1.5575435193797906,
    "MAE": 1.1546574347797003,
    "R2": 0.968395729665952,
    "best_params": {
        "model__max_depth": 14,
        "model__n_estimators": 755
    },
    "best_score_cv": 1.5534625268534257
}