{
    "RMSE": 1.6834825484909666,
    "MAE": 1.2183680073779442,
    "R2": 0.9099129238433767,
    "best_params": {
        "model__max_depth": 26,
        "model__n_estimators": 895
    },
    "best_score_cv": 1.680315814000783
}