{
    "RMSE": 1.124887903422626,
    "MAE": 0.2309150039759346,
    "R2": 0.9905825918636586,
    "best_params": {
        "model__learning_rate": 0.15582330240128092,
        "model__max_depth": 5,
        "model__min_samples_split": 13,
        "model__n_estimators": 822,
        "model__subsample": 0.7615261640271918
    },
    "best_score_cv": 1.1179257760765735
}