{
    "RMSE": 1.6853974199578823,
    "MAE": 1.2451990690570485,
    "R2": 0.9097078688167789,
    "best_params": {
        "model__max_depth": 25,
        "model__n_estimators": 255
    },
    "best_score_cv": 1.676381284421623
}