{
    "RMSE": 1.6292968387428988,
    "MAE": 1.260603084248227,
    "R2": 0.9657354061763116,
    "best_params": {
        "model__max_depth": 14,
        "model__n_estimators": 755
    },
    "best_score_cv": 1.6278845184217514
}