{
    "RMSE": 1.5241435133478687,
    "MAE": 1.1638306865298655,
    "R2": 0.9700154950835098,
    "best_params": {
        "model__max_depth": 14,
        "model__n_estimators": 755
    },
    "best_score_cv": 1.524004142060839
}