{
    "RMSE": 1.5243940674275056,
    "MAE": 1.1642218470215289,
    "R2": 0.9700056359626634,
    "best_params": {
        "model__max_depth": 14,
        "model__n_estimators": 755
    },
    "best_score_cv": 1.5242536562883597
}