{
    "RMSE": 1.8796625136919327,
    "MAE": 0.37255958151626073,
    "R2": 0.9737050311907571,
    "best_params": {
        "model__learning_rate": 0.012789638921577905,
        "model__max_depth": 12,
        "model__min_samples_split": 19,
        "model__n_estimators": 384,
        "model__subsample": 0.8350739741344673
    },
    "best_score_cv": 1.8675652472852589
}