{
    "RMSE": 1.7720991514167688,
    "MAE": 1.3340838749853532,
    "R2": 0.8948614672824571,
    "best_params": {
        "model__max_depth": 25,
        "model__n_estimators": 255
    },
    "best_score_cv": 1.762368847163911
}