{
    "RMSE": 0.22400938690567904,
    "MAE": 0.13813326795992503,
    "R2": 0.9332484170148895,
    "best_params": {
        "model__max_depth": 25,
        "model__n_estimators": 255
    },
    "best_score_cv": 0.22323827825567885
}