{
    "RMSE": 0.29768510220458255,
    "MAE": 0.23478919968197431,
    "R2": 0.8085877225906208,
    "best_params": {
        "model__n_neighbors": 22
    },
    "best_score_cv": 0.2972898990724205
}