{
    "RMSE": 0.2976865272556299,
    "MAE": 0.22630539175528958,
    "R2": 0.8085858899633427,
    "best_params": {
        "model__max_depth": 14,
        "model__n_estimators": 755
    },
    "best_score_cv": 0.2971061599094645
}