{
    "RMSE": 0.4083506925920624,
    "MAE": 0.2599035648701954,
    "R2": 0.5599821764052971,
    "best_params": {
        "model__max_depth": 25,
        "model__n_estimators": 255
    },
    "best_score_cv": 0.40770674780594485
}