{
    "RMSE": 0.30200523930643336,
    "MAE": 0.15599473448426263,
    "R2": 0.0373225639086493,
    "best_params": {
        "model__n_neighbors": 42
    },
    "best_score_cv": 0.2994871422103479
}