{
    "RMSE": 0.29838220313506447,
    "MAE": 0.15220878129646487,
    "R2": 0.060281729900966696,
    "best_params": {
        "model__n_neighbors": 23
    },
    "best_score_cv": 0.29667822114069836
}