{
    "RMSE": 1.877759287269727,
    "MAE": 1.342817075533394,
    "R2": 0.8499673628193736,
    "best_params": {
        "model__max_depth": 26,
        "model__n_estimators": 895
    },
    "best_score_cv": 1.8770092479813025
}