{
    "RMSE": 0.6190020758010278,
    "MAE": 0.3592818995546027,
    "R2": 0.2952239886691803,
    "best_params": {
        "model__learning_rate": 0.1820061460379457,
        "model__max_depth": 18,
        "model__n_estimators": 746,
        "model__reg_alpha": 5.703212229438135,
        "model__reg_lambda": 2.092375264750823
    },
    "best_score_cv": 0.6159193836966247
}