{
    "RMSE": 0.6318858228569668,
    "MAE": 0.3683319320244673,
    "R2": 0.2655806248986663,
    "best_params": {
        "model__learning_rate": 0.1820061460379457,
        "model__max_depth": 18,
        "model__n_estimators": 746,
        "model__reg_alpha": 5.703212229438135,
        "model__reg_lambda": 2.092375264750823
    },
    "best_score_cv": 0.6318837512199027
}