{
    "RMSE": 0.5560678391111885,
    "MAE": 0.44432248125160034,
    "R2": 0.8396487840859614,
    "best_params": {
        "model__max_depth": 25,
        "model__n_estimators": 255
    },
    "best_score_cv": 0.5547916420250596
}