{
    "RMSE": 0.04624817505113961,
    "MAE": 0.03732083875293137,
    "R2": -0.0012855011751380374,
    "best_params": {
        "model__learning_rate": 0.1820061460379457,
        "model__max_depth": 18,
        "model__n_estimators": 746,
        "model__reg_alpha": 5.703212229438135,
        "model__reg_lambda": 2.092375264750823
    },
    "best_score_cv": 0.0462419731592194
}