{
    "RMSE": 0.04662900852816201,
    "MAE": 0.03768802073415309,
    "R2": -0.01784369196361313,
    "best_params": {
        "model__C": 153.7948446580078,
        "model__epsilon": 0.34139810765573975
    },
    "best_score_cv": 0.04658916918900911
}