{
    "RMSE": 0.011123756272681353,
    "MAE": 0.008578164502467117,
    "R2": 0.7649501259620286,
    "best_params": {
        "model__max_depth": 25,
        "model__n_estimators": 255
    },
    "best_score_cv": 0.011054783995373013
}