{
    "RMSE": 0.04648335384745298,
    "MAE": 0.03752885354915044,
    "R2": -0.011494762266829328,
    "best_params": {
        "model__learning_rate": 0.1820061460379457,
        "model__max_depth": 18,
        "model__n_estimators": 746,
        "model__reg_alpha": 5.703212229438135,
        "model__reg_lambda": 2.092375264750823
    },
    "best_score_cv": 0.046425318357643804
}