{
    "RMSE": 0.08017150229700233,
    "MAE": 0.062257862226833986,
    "R2": -0.03567408788951143,
    "best_params": {
        "model__learning_rate": 0.1820061460379457,
        "model__max_depth": 18,
        "model__n_estimators": 746,
        "model__reg_alpha": 5.703212229438135,
        "model__reg_lambda": 2.092375264750823
    },
    "best_score_cv": 0.08015520125874498
}