{
    "RMSE": 0.08056199625150191,
    "MAE": 0.06282483735106034,
    "R2": -0.04578764146589642,
    "best_params": {
        "model__n_neighbors": 42
    },
    "best_score_cv": 0.08015291615456696
}