{
    "RMSE": 0.07971273412292719,
    "MAE": 0.06159384053425734,
    "R2": -0.023855053497611634,
    "best_params": {
        "model__learning_rate": 0.1820061460379457,
        "model__max_depth": 18,
        "model__n_estimators": 746,
        "model__reg_alpha": 5.703212229438135,
        "model__reg_lambda": 2.092375264750823
    },
    "best_score_cv": 0.07927644378998697
}