{
    "RMSE": 0.5709515511745787,
    "MAE": 0.47857454472913863,
    "R2": -0.0027199693995374474,
    "best_params": {
        "model__n_neighbors": 42
    },
    "best_score_cv": 0.5689358492530922
}