{
    "RMSE": 0.3131078509993084,
    "MAE": 0.23620213017589664,
    "R2": 0.709808035972477,
    "best_params": {
        "model__C": 1.1233621690895232,
        "model__epsilon": 0.08145222883402799
    },
    "best_score_cv": 0.313049531614676
}