{
    "RMSE": 0.05527266361488767,
    "MAE": 0.0418870957305163,
    "R2": 0.37948228894208025,
    "best_params": {
        "model__n_neighbors": 22
    },
    "best_score_cv": 0.05525433948178034
}