{
    "RMSE": 0.0542111730302887,
    "MAE": 0.04112541854902852,
    "R2": 0.40308704672183604,
    "best_params": {
        "model__n_neighbors": 22
    },
    "best_score_cv": 0.05416583151535246
}