{
    "RMSE": 127.0379185637256,
    "MAE": 19.33595563462326,
    "R2": 0.9900695377262752,
    "best_params": {
        "model__max_depth": 25,
        "model__n_estimators": 494
    },
    "best_score_cv": 115.52934509068564
}