{
    "RMSE": 115.68521790086035,
    "MAE": 17.918636026819986,
    "R2": 0.9917650974398957,
    "best_params": {
        "model__learning_rate": 0.1820061460379457,
        "model__max_depth": 14,
        "model__min_samples_split": 7,
        "model__n_estimators": 956,
        "model__subsample": 0.9320639577324754
    },
    "best_score_cv": 110.17519153624743
}