{
    "RMSE": 0.48975610729254493,
    "MAE": 0.40614765770789696,
    "R2": -0.024073421280918383,
    "best_params": {
        "model__learning_rate": 0.1820061460379457,
        "model__max_depth": 18,
        "model__n_estimators": 746,
        "model__reg_alpha": 5.703212229438135,
        "model__reg_lambda": 2.092375264750823
    },
    "best_score_cv": 0.48950252447089215
}