{
    "RMSE": 6.694793996443117,
    "MAE": 4.68173786948366,
    "R2": 0.7756104749961255,
    "best_params": {
        "model__max_depth": 26,
        "model__n_estimators": 895
    },
    "best_score_cv": 6.683068885491082
}