{
    "RMSE": 1.216575935425369,
    "MAE": 0.22152185921359888,
    "R2": 0.9886373051717774,
    "best_params": {
        "model__learning_rate": 0.14387016966373686,
        "model__max_depth": 8,
        "model__min_samples_split": 11,
        "model__n_estimators": 744,
        "model__subsample": 0.9519260362533433
    },
    "best_score_cv": 1.136064206155165
}