{
    "RMSE": 1.6560256125138892,
    "MAE": 0.2763042239024091,
    "R2": 0.97958981232428,
    "best_params": {
        "model__max_depth": 25,
        "model__n_estimators": 494
    },
    "best_score_cv": 1.5293103344449135
}