{
    "RMSE": 42.68966951476847,
    "MAE": 32.34206743772472,
    "R2": 0.8445488961587984,
    "best_params": {
        "model__max_depth": 26,
        "model__n_estimators": 895
    },
    "best_score_cv": 42.60605544064554
}