{
    "RMSE": 1.3666113130465363,
    "MAE": 1.0935808659233608,
    "R2": 0.17600018901005599,
    "best_params": {
        "model__n_neighbors": 42
    },
    "best_score_cv": 1.3652777266275395
}