{
    "RMSE": 0.6322691752379448,
    "MAE": 0.3921942283447794,
    "R2": 0.26468923975077097,
    "best_params": {
        "model__n_neighbors": 22
    },
    "best_score_cv": 0.6288005926687315
}