{
    "RMSE": 0.9247679931805819,
    "MAE": 0.734879257585101,
    "R2": 0.5648831344213805,
    "best_params": {
        "model__learning_rate": 0.012789638921577905,
        "model__max_iter": 377
    },
    "best_score_cv": 0.9183394251795157
}