{
    "RMSE": 0.00038766718811897343,
    "MAE": 8.868368483136081e-05,
    "R2": 0.7397228056745492,
    "best_params": {
        "model__learning_rate": 0.0158704633925133,
        "model__max_depth": 14,
        "model__min_samples_split": 4,
        "model__n_estimators": 490,
        "model__subsample": 0.5939775931836743
    },
    "best_score_cv": 0.0003684340916286718
}