{
    "RMSE": 121.06504840669719,
    "MAE": 17.900431227177304,
    "R2": 0.990981375876317,
    "best_params": {
        "model__learning_rate": 0.0158704633925133,
        "model__max_depth": 14,
        "model__min_samples_split": 4,
        "model__n_estimators": 490,
        "model__subsample": 0.5939775931836743
    },
    "best_score_cv": 117.35135489144676
}