{
    "RMSE": 700.0559032281628,
    "MAE": 506.7449361877432,
    "R2": 0.9247517317054159,
    "best_params": {
        "model__max_depth": 15,
        "model__n_estimators": 927
    },
    "best_score_cv": 699.8262220638313
}