{
    "RMSE": 0.4882194416463486,
    "MAE": 0.40403854651993576,
    "R2": -0.017657208574876737,
    "best_params": {
        "model__n_neighbors": 41
    },
    "best_score_cv": 0.48590997896673294
}