{
    "RMSE": 0.38373267232049185,
    "MAE": 0.2855267889108386,
    "R2": 0.7703451802641211,
    "best_params": {
        "model__C": 1.1233621690895232,
        "model__epsilon": 0.08145222883402799
    },
    "best_score_cv": 0.38290826152853435
}