{
    "RMSE": 0.00851363577280991,
    "MAE": 0.0065062438914337455,
    "R2": 0.48027162154452907,
    "best_params": {
        "model__max_depth": 14,
        "model__n_estimators": 755
    },
    "best_score_cv": 0.008504635362162047
}